Age,Gender,Attendance,Study_Hours,Previous_Grade,Assignments_Submitted,Family_Income,Internet_Access,Parental_Education,Distance_From_College,Scholarship,Extracurricular,Semester,CGPA,Backlogs,Dropout
23,Female,45,7,86,4,53618,No,Graduate,7,No,Yes,3,7.68,5,1
20,Male,56,7,51,7,93948,Yes,School,4,Yes,Yes,3,4.53,4,1
24,Male,98,6,93,6,72671,No,School,20,No,Yes,6,6.35,5,0
21,Male,64,3,60,7,57111,Yes,Graduate,18,No,No,1,8.28,3,0
23,Male,96,5,93,6,49613,Yes,School,21,Yes,No,6,7.96,0,0
19,Female,67,2,50,2,95678,Yes,Graduate,4,Yes,Yes,6,7.75,3,1
23,Female,41,4,78,1,69993,No,Graduate,28,Yes,Yes,5,5.7,1,1
24,Male,74,7,67,6,18848,Yes,Graduate,13,No,No,6,6.27,2,0
21,Male,76,5,44,2,88672,Yes,School,1,Yes,Yes,8,4.62,5,1
20,Male,44,4,56,2,76125,Yes,Graduate,28,No,No,7,8.31,4,1
24,Male,40,4,95,1,96444,No,School,24,No,Yes,6,7.02,0,0
24,Male,79,2,59,3,71602,Yes,Graduate,3,No,No,5,8.25,4,1
19,Male,51,6,80,7,82045,No,Graduate,16,No,No,7,5.49,4,1
22,Female,95,3,85,0,52222,Yes,Postgraduate,22,No,No,3,5.95,4,1
21,Male,75,2,97,0,59223,No,Postgraduate,4,Yes,No,2,6.01,5,1
18,Female,84,5,51,4,75333,Yes,Postgraduate,25,Yes,Yes,4,4.15,0,0
24,Female,62,6,45,4,62732,Yes,School,23,No,Yes,6,6.05,0,0
22,Male,86,5,56,0,59420,No,School,25,No,No,8,8.82,4,0
18,Female,70,6,90,5,85504,No,Graduate,16,Yes,No,7,9.38,2,0
21,Female,50,7,58,0,12462,Yes,Graduate,26,Yes,No,2,7.11,5,1
17,Female,49,5,65,4,19460,No,Graduate,19,No,No,5,6.73,5,1
22,Female,42,2,87,8,19275,Yes,Graduate,1,No,Yes,2,4.18,3,1
25,Female,93,6,83,4,23269,Yes,School,5,Yes,No,4,9.28,5,0
17,Female,53,6,83,5,75942,Yes,Graduate,19,Yes,No,8,4.08,4,1
19,Male,55,4,91,7,82920,No,Graduate,22,No,No,2,9.67,1,0
23,Female,49,4,71,0,32553,Yes,Postgraduate,24,Yes,No,8,6.94,4,1
20,Female,68,1,45,1,34366,No,Graduate,11,Yes,No,7,6.05,0,0
25,Female,49,5,94,8,54036,Yes,Graduate,13,No,No,2,9.55,5,1
19,Male,51,4,97,2,27369,No,Graduate,20,No,No,8,4.15,5,1
21,Female,69,1,75,5,21795,No,School,5,No,Yes,2,7.49,3,1
19,Male,80,7,77,4,80021,Yes,Postgraduate,21,Yes,No,2,7.29,1,0
23,Female,40,7,50,1,78154,No,Graduate,4,No,No,1,5.32,5,1
21,Male,44,4,72,6,40143,Yes,Graduate,4,Yes,No,6,6.57,3,1
25,Male,59,5,63,3,39425,Yes,Postgraduate,4,No,Yes,5,7.91,3,1
23,Female,47,6,62,0,98209,Yes,Graduate,4,No,Yes,4,8.36,1,0
18,Female,82,3,54,3,85139,Yes,School,20,Yes,Yes,5,4.0,4,1
20,Male,51,5,66,5,15368,Yes,Graduate,21,Yes,No,1,9.62,4,1
25,Female,40,2,50,6,14621,No,School,18,No,No,1,4.99,4,1
18,Male,96,7,96,6,68829,Yes,School,18,No,No,7,5.4,2,0
25,Male,93,4,90,6,70294,No,Graduate,16,Yes,Yes,1,5.58,4,1
21,Male,59,4,89,2,24719,No,Postgraduate,9,No,No,6,4.23,1,1
18,Male,67,6,56,5,39227,Yes,School,18,Yes,Yes,1,4.74,2,0
20,Male,96,2,90,7,17566,No,Postgraduate,22,Yes,Yes,2,9.92,4,1
23,Female,82,6,92,3,22306,Yes,Graduate,2,No,Yes,5,5.89,2,0
24,Male,76,2,53,7,63822,No,School,21,Yes,Yes,3,4.69,1,1
19,Male,86,3,66,1,34042,No,Graduate,4,Yes,Yes,4,4.64,4,1
17,Female,76,7,57,9,25086,No,Postgraduate,12,Yes,No,1,8.32,0,0
20,Male,51,4,67,8,27387,Yes,Graduate,7,No,No,5,9.13,5,1
18,Female,76,4,90,8,37042,No,Graduate,15,Yes,Yes,7,5.54,1,0
24,Female,88,3,86,7,99424,Yes,School,7,No,No,1,4.13,3,1
20,Female,88,1,86,9,61618,No,Graduate,29,No,No,6,5.34,3,1
18,Male,95,7,43,9,28323,No,Graduate,22,No,Yes,1,4.34,1,0
22,Male,83,6,46,0,28019,No,Graduate,26,Yes,Yes,1,4.62,3,1
22,Male,95,3,84,1,85426,No,School,21,Yes,No,8,6.59,1,0
20,Female,67,6,74,5,50863,Yes,Postgraduate,17,No,No,8,5.38,0,0
22,Male,86,5,87,9,20283,Yes,Postgraduate,16,No,No,1,7.1,1,0
18,Female,54,4,48,4,28279,No,Graduate,28,Yes,No,7,5.52,4,1
18,Male,45,6,47,8,56999,No,School,19,No,Yes,8,9.64,4,1
20,Female,83,2,91,4,72780,Yes,Graduate,9,No,No,1,9.44,2,0
24,Male,98,6,84,1,32908,Yes,Postgraduate,14,Yes,Yes,4,7.4,3,0
23,Male,59,5,56,9,71584,Yes,School,17,No,Yes,5,6.13,5,1
25,Male,89,7,56,3,60225,Yes,Postgraduate,5,Yes,No,8,6.29,3,0
24,Female,53,4,88,8,47952,No,Postgraduate,2,Yes,No,8,6.47,1,0
21,Female,41,3,72,0,47663,No,School,20,No,No,6,8.37,5,1
18,Male,48,5,71,0,71381,Yes,School,16,Yes,Yes,1,6.71,5,1
21,Male,76,4,47,6,57929,Yes,Graduate,14,Yes,Yes,1,9.14,3,0
24,Female,59,6,58,2,19343,Yes,Graduate,14,Yes,Yes,1,9.66,5,1
25,Female,65,7,77,9,86173,Yes,Postgraduate,27,No,Yes,1,6.02,5,0
25,Female,68,1,42,1,49791,Yes,School,1,No,No,8,7.36,4,1
17,Male,40,7,98,8,39134,Yes,School,3,No,Yes,2,4.57,0,1
25,Female,94,1,44,2,57101,No,Graduate,26,Yes,Yes,2,5.2,1,1
23,Male,74,2,52,1,79443,No,Postgraduate,7,Yes,No,3,6.48,3,1
25,Female,45,7,86,7,67530,No,Postgraduate,26,No,Yes,1,5.24,4,1
24,Male,76,4,85,9,56799,Yes,Graduate,15,No,Yes,3,9.26,2,0
17,Female,92,1,70,5,14827,Yes,School,19,Yes,No,4,4.95,5,1
24,Female,98,3,94,5,72653,Yes,Graduate,20,No,Yes,3,6.73,5,0
24,Female,44,4,55,9,23699,No,Graduate,2,No,Yes,5,7.63,3,1
19,Female,72,3,89,6,15313,Yes,Graduate,19,No,Yes,2,8.15,0,0
17,Female,88,7,71,6,23598,Yes,Graduate,9,No,Yes,2,6.3,0,0
24,Male,90,3,61,5,38807,No,School,19,No,No,1,9.21,3,0
19,Female,53,1,68,3,80423,Yes,Graduate,27,Yes,Yes,8,7.41,3,1
19,Female,51,4,61,8,79390,No,School,5,No,No,1,6.64,4,1
17,Female,81,6,82,5,55226,No,Graduate,18,No,Yes,4,4.4,3,1
21,Male,59,5,42,3,69550,Yes,Postgraduate,16,Yes,No,6,6.79,2,0
23,Female,92,1,93,2,90072,No,School,4,Yes,No,4,8.92,4,1
25,Male,89,1,49,3,13558,Yes,Postgraduate,12,Yes,No,5,7.69,5,1
23,Female,63,6,81,2,85308,No,Graduate,29,Yes,Yes,1,8.99,5,0
25,Female,98,4,60,1,60113,Yes,Graduate,7,No,Yes,1,6.96,5,0
24,Male,82,4,55,4,62999,No,Graduate,14,No,Yes,4,4.71,5,1
18,Female,73,7,51,1,65878,Yes,School,23,No,No,4,4.08,1,0
17,Male,64,3,41,5,46343,No,Postgraduate,12,No,Yes,4,5.82,2,0
23,Male,89,7,80,2,68219,No,School,3,Yes,Yes,2,8.19,4,0
23,Female,68,6,63,5,45186,No,School,5,Yes,Yes,3,8.74,4,0
24,Male,96,7,74,9,46966,Yes,Graduate,17,No,Yes,3,5.77,5,1
21,Female,78,6,95,8,43769,Yes,Postgraduate,26,No,No,1,6.97,0,0
19,Female,70,4,69,0,63218,No,Graduate,10,No,No,2,6.53,4,0
24,Male,95,3,96,5,29229,Yes,School,10,No,Yes,4,6.46,2,0
22,Male,86,7,69,8,85209,No,Graduate,11,Yes,Yes,1,5.39,3,1
19,Male,82,1,86,3,37877,Yes,Postgraduate,17,No,Yes,2,4.82,2,1
17,Male,89,2,74,1,68001,No,Graduate,5,Yes,No,5,5.18,5,1
19,Female,62,5,58,3,48084,Yes,Postgraduate,13,Yes,Yes,6,4.33,5,1
21,Female,83,1,89,0,91780,No,Postgraduate,10,Yes,No,2,5.19,1,1
19,Male,77,4,47,2,26806,No,Graduate,9,Yes,No,7,4.06,4,1
17,Female,59,5,65,9,98635,No,School,17,No,Yes,1,7.76,4,1
21,Female,62,2,88,8,47034,No,Graduate,1,No,Yes,8,5.9,4,1
23,Female,84,2,79,9,50317,Yes,School,4,No,Yes,3,9.84,5,1
23,Female,91,3,46,4,65468,No,School,4,No,No,7,5.16,4,1
25,Male,55,5,69,5,29094,Yes,Graduate,18,Yes,No,4,6.07,0,0
19,Male,89,3,46,2,67796,Yes,School,9,Yes,Yes,6,6.15,0,0
23,Female,81,1,42,4,20589,No,School,25,Yes,No,8,4.05,3,1
17,Male,99,6,40,7,67221,Yes,Graduate,29,No,Yes,5,9.04,4,0
20,Male,94,6,75,5,11657,Yes,Graduate,29,Yes,Yes,8,4.19,1,0
20,Male,47,6,64,3,49531,Yes,Graduate,18,Yes,No,6,9.64,3,1
21,Female,89,5,76,1,62227,No,School,14,Yes,No,8,9.35,5,0
23,Female,60,6,40,8,13164,Yes,Postgraduate,25,Yes,No,6,7.21,4,0
23,Female,40,1,54,0,93973,Yes,School,15,No,No,2,7.26,0,1
20,Male,94,3,76,0,51247,No,Postgraduate,6,Yes,Yes,1,7.92,1,0
23,Female,47,5,52,3,29601,No,Graduate,24,Yes,Yes,8,6.32,3,1
19,Female,68,3,79,6,60599,Yes,Postgraduate,10,No,Yes,8,7.88,1,0
22,Male,71,5,47,0,81545,No,Graduate,29,No,No,1,4.27,4,1
18,Female,77,3,44,8,14552,Yes,Graduate,15,No,Yes,6,4.32,2,0
25,Female,44,2,99,3,19417,Yes,Postgraduate,29,Yes,No,4,6.74,1,1
21,Male,86,3,48,2,68579,Yes,Graduate,4,Yes,No,1,7.3,1,0
22,Male,61,6,40,0,78207,No,Postgraduate,18,Yes,No,6,9.33,5,0
20,Male,86,2,75,9,82055,Yes,Graduate,18,Yes,Yes,1,4.63,0,1
23,Female,73,3,74,3,88270,No,School,25,No,No,4,8.94,4,0
25,Female,40,5,41,8,13722,No,School,17,Yes,No,5,5.26,1,1
23,Female,94,5,79,9,80442,Yes,Graduate,12,Yes,No,7,6.36,4,0
17,Male,94,5,62,5,50031,No,Graduate,7,No,No,6,5.9,0,0
17,Male,65,4,48,5,89235,No,Postgraduate,16,No,No,3,6.4,5,0
25,Female,82,1,73,0,31438,No,School,11,No,No,3,4.9,4,1
25,Female,49,5,85,9,68819,No,Postgraduate,14,Yes,No,6,7.02,0,0
20,Male,69,2,53,1,53856,No,Graduate,3,Yes,No,2,8.81,0,0
25,Male,89,5,43,5,43576,Yes,Graduate,19,Yes,No,5,6.65,3,0
19,Male,57,4,69,1,51938,No,Postgraduate,18,Yes,No,2,6.94,5,1
23,Male,56,6,70,2,59028,Yes,Graduate,10,Yes,No,7,9.09,5,1
22,Female,65,2,77,3,69807,Yes,School,6,No,No,3,8.24,4,1
24,Male,47,4,50,4,59877,Yes,Postgraduate,13,No,Yes,4,6.94,2,0
25,Female,86,6,74,8,53461,Yes,School,10,Yes,Yes,6,5.55,3,1
21,Female,79,7,47,3,50469,Yes,School,18,Yes,No,7,9.31,5,0
17,Female,88,7,42,8,93136,Yes,School,26,Yes,No,8,7.46,0,0
19,Male,51,2,53,9,30435,No,Postgraduate,20,Yes,No,8,5.33,5,1
24,Male,66,3,99,2,94117,No,Graduate,26,Yes,Yes,1,5.61,2,0
22,Male,47,1,52,7,24191,No,School,16,No,Yes,3,8.82,1,1
24,Male,64,1,84,0,94726,Yes,School,25,No,Yes,5,4.26,1,1
25,Female,85,4,71,8,37386,No,School,25,No,No,3,9.95,5,0
20,Male,43,6,73,8,41721,No,Graduate,6,Yes,No,5,4.78,5,1
17,Male,72,1,84,9,64786,No,Graduate,13,Yes,No,5,8.78,3,1
17,Female,40,6,58,1,23704,Yes,Postgraduate,4,No,No,6,6.37,5,1
20,Male,58,6,98,3,66635,No,Graduate,23,No,Yes,5,6.95,2,0
23,Female,70,4,77,7,12123,Yes,Postgraduate,14,Yes,No,2,9.28,5,0
18,Female,55,4,55,6,72993,No,Postgraduate,1,No,Yes,8,6.48,4,1
19,Female,53,4,41,0,90122,Yes,Postgraduate,28,No,Yes,7,7.22,2,0
17,Female,92,1,79,4,35416,Yes,Postgraduate,20,Yes,No,4,4.3,3,1
21,Female,87,7,56,6,11814,Yes,Postgraduate,5,No,Yes,3,4.01,4,1
17,Female,44,4,94,3,88537,No,School,8,No,Yes,4,5.47,4,1
24,Female,80,1,73,0,60258,No,Graduate,12,No,Yes,7,8.08,1,0
17,Female,65,4,81,8,26508,Yes,School,2,Yes,Yes,1,4.73,2,0
17,Male,67,5,99,4,95166,No,Postgraduate,12,No,No,7,4.68,4,1
18,Male,41,6,55,1,88916,Yes,Graduate,5,No,No,3,6.47,3,1
18,Male,89,4,77,7,45699,Yes,School,22,No,Yes,8,7.89,1,0
22,Male,45,2,99,1,56335,No,School,5,Yes,No,4,8.27,4,1
23,Female,48,6,41,2,56806,No,Postgraduate,13,Yes,Yes,4,5.07,2,1
21,Male,72,6,41,9,87853,No,School,9,No,No,6,4.48,1,0
17,Female,80,4,65,0,73768,Yes,School,10,Yes,No,6,9.64,2,0
17,Male,64,7,52,1,45739,Yes,School,1,No,No,7,5.56,2,0
19,Male,87,3,95,6,44785,No,School,3,Yes,No,7,9.12,2,0
18,Male,52,7,86,9,41980,Yes,School,18,Yes,No,1,9.18,1,0
21,Female,48,4,70,1,99335,No,Postgraduate,12,No,Yes,5,8.64,4,1
22,Male,92,6,99,5,95016,Yes,Postgraduate,29,No,No,3,5.01,5,1
23,Female,52,2,73,2,11609,No,School,3,No,Yes,6,8.93,0,1
20,Female,70,6,78,3,76253,No,Postgraduate,26,Yes,Yes,3,8.62,4,0
23,Male,80,7,42,7,95481,Yes,Postgraduate,25,No,No,1,7.58,1,0
24,Male,50,2,47,2,38141,No,Graduate,29,Yes,Yes,6,6.02,0,1
17,Male,43,1,62,9,40009,No,School,9,Yes,No,6,5.58,0,1
22,Female,73,5,53,5,16782,Yes,Postgraduate,26,No,Yes,5,4.73,0,0
24,Male,77,6,95,0,35933,No,Postgraduate,2,Yes,Yes,3,7.06,5,0
21,Female,85,4,94,6,87154,Yes,School,3,No,No,8,7.51,3,0
20,Female,43,1,66,7,18307,No,Graduate,14,Yes,No,3,6.16,1,1
18,Male,77,5,93,7,85874,Yes,School,4,No,No,3,6.85,5,0
22,Male,58,4,68,2,48346,No,Graduate,25,Yes,No,5,6.18,5,1
22,Female,45,3,78,9,60772,No,School,19,Yes,Yes,6,7.85,3,1
17,Female,73,4,92,0,82084,No,School,13,No,No,1,9.41,0,0
25,Female,57,2,78,8,50149,No,School,7,Yes,Yes,3,4.98,3,1
22,Male,52,2,40,5,96700,Yes,School,12,No,Yes,4,6.29,3,1
19,Female,80,3,56,8,37526,Yes,Graduate,3,Yes,Yes,8,4.85,5,1
20,Male,62,1,80,6,95712,Yes,Graduate,23,Yes,Yes,8,7.75,1,0
20,Female,58,5,69,0,78477,Yes,Postgraduate,23,Yes,Yes,5,8.37,2,0
19,Female,84,4,92,0,15695,Yes,School,9,No,Yes,2,9.59,3,0
19,Male,50,2,52,5,49169,Yes,Graduate,2,No,No,1,5.67,3,1
19,Female,40,1,60,4,57947,Yes,Graduate,29,No,Yes,4,9.7,0,1
20,Male,63,3,58,8,57224,No,Graduate,22,No,Yes,3,4.38,0,0
23,Male,93,7,92,1,55865,No,School,9,No,Yes,2,7.62,5,0
20,Female,46,6,58,7,35553,No,Postgraduate,12,Yes,No,1,4.34,0,1
25,Male,64,7,96,4,70410,No,Graduate,12,Yes,No,5,9.36,4,0
17,Male,60,7,64,1,34816,Yes,School,15,No,Yes,2,7.18,3,0
24,Female,54,2,61,9,65026,Yes,Graduate,2,Yes,No,6,8.02,0,1
23,Male,40,3,70,5,60705,Yes,Graduate,18,Yes,Yes,7,8.99,1,0
18,Male,51,4,56,9,71922,No,Postgraduate,13,Yes,No,2,4.9,4,1
24,Male,97,7,94,7,83914,Yes,Graduate,14,Yes,Yes,7,4.23,5,1
17,Female,46,7,62,3,11881,No,Graduate,5,No,No,8,9.27,2,0
25,Male,54,5,71,1,49567,Yes,School,26,Yes,No,4,5.89,3,1
25,Female,60,2,49,4,57365,Yes,School,10,No,No,1,4.77,3,1
18,Female,58,2,49,1,89211,Yes,Postgraduate,12,No,Yes,4,6.81,1,1
23,Male,99,4,75,1,80122,Yes,School,10,Yes,Yes,4,7.59,2,0
19,Male,68,6,47,5,35006,No,School,24,No,Yes,3,4.19,2,0
23,Male,64,1,93,9,51198,No,Postgraduate,11,Yes,No,5,5.65,5,1
25,Female,72,5,91,8,32831,Yes,Graduate,25,Yes,No,2,4.2,5,1
20,Male,88,2,59,3,26459,No,Postgraduate,2,Yes,Yes,1,6.52,4,1
17,Male,71,5,71,5,42443,Yes,School,5,No,No,8,9.37,3,0
18,Male,88,2,89,6,52316,Yes,Postgraduate,7,No,Yes,6,9.9,0,0
17,Male,74,5,53,5,74486,Yes,Graduate,6,No,Yes,5,7.82,5,0
21,Male,83,3,89,7,15877,Yes,Postgraduate,22,Yes,Yes,5,4.97,1,0
21,Female,77,7,67,3,49553,No,School,23,Yes,Yes,1,9.44,1,0
23,Female,65,2,85,0,14922,Yes,School,3,Yes,No,5,7.1,1,0
25,Male,50,5,91,6,14686,Yes,Postgraduate,13,No,No,3,4.92,5,1
25,Male,74,1,92,2,42766,No,Graduate,3,Yes,No,5,9.53,5,1
19,Male,47,3,63,5,89943,Yes,Postgraduate,26,Yes,Yes,8,8.54,1,0
19,Male,85,3,54,1,42006,No,Graduate,25,No,No,8,8.39,5,0
19,Female,53,1,61,8,41422,Yes,Graduate,24,No,Yes,3,8.26,0,1
20,Male,49,5,69,0,22205,Yes,Postgraduate,21,No,Yes,2,5.2,0,1
24,Female,41,4,43,5,96590,Yes,Graduate,6,Yes,Yes,2,5.27,4,1
22,Female,85,1,52,5,33527,Yes,School,11,Yes,Yes,4,8.13,3,1
24,Male,48,5,98,4,28443,Yes,Postgraduate,28,Yes,Yes,8,5.32,0,1
17,Female,42,1,62,4,26524,Yes,Graduate,26,No,Yes,3,6.63,4,1
24,Female,60,1,47,0,38202,No,School,17,No,No,6,8.69,2,0
20,Female,65,2,57,9,75552,Yes,Postgraduate,10,No,No,2,8.7,3,1
17,Female,47,5,51,4,56142,No,School,12,No,No,5,6.72,0,0
24,Male,87,4,94,1,71692,No,School,17,Yes,No,1,8.75,2,0
20,Male,41,7,70,6,92384,Yes,School,4,Yes,Yes,1,9.03,4,1
22,Female,45,2,53,2,30855,No,Graduate,2,Yes,Yes,7,7.93,0,1
24,Male,67,1,73,3,93747,Yes,Postgraduate,11,Yes,No,8,5.37,0,1
20,Male,92,7,57,2,70372,No,Postgraduate,7,Yes,No,3,5.64,5,1
19,Male,68,6,95,2,35095,Yes,Graduate,2,Yes,No,6,5.89,2,0
25,Male,65,7,73,3,48724,No,Postgraduate,26,Yes,No,4,4.7,0,0
19,Male,64,1,50,4,59241,No,School,18,Yes,No,5,5.64,1,1
25,Female,51,1,80,0,62003,Yes,Postgraduate,21,No,No,3,5.26,5,1
18,Male,44,5,51,3,78379,No,Graduate,4,No,No,7,6.73,5,1
18,Male,73,5,88,7,25972,Yes,School,8,Yes,No,1,9.45,0,0
18,Male,87,2,54,9,32927,Yes,Graduate,20,No,Yes,3,4.63,5,1
22,Male,76,4,96,6,76630,Yes,School,14,Yes,Yes,5,8.32,3,0
19,Female,54,2,70,8,62347,Yes,School,12,Yes,Yes,6,8.12,2,1
25,Female,83,3,88,4,98860,Yes,Postgraduate,22,No,Yes,8,4.57,3,1
20,Female,75,1,97,9,96210,No,School,21,Yes,No,6,9.54,4,1
17,Female,54,7,68,3,79518,No,Graduate,27,Yes,Yes,2,7.41,3,1
20,Male,82,6,65,7,55283,No,Postgraduate,18,Yes,No,5,6.18,1,0
17,Female,87,1,57,8,91326,Yes,Graduate,11,Yes,Yes,7,8.54,5,1
21,Male,62,1,71,6,22205,No,School,29,Yes,No,2,5.54,5,1
20,Male,45,2,61,6,99874,No,Graduate,28,Yes,No,2,8.16,1,1
24,Male,85,6,77,4,22748,No,Graduate,8,Yes,Yes,2,4.24,5,1
24,Male,89,6,56,3,31097,No,School,2,No,Yes,3,9.04,3,0
23,Male,83,6,62,9,13092,No,Postgraduate,25,No,No,7,6.69,4,0
19,Female,98,2,63,0,63311,Yes,Graduate,15,Yes,No,1,7.82,0,0
17,Female,82,1,89,9,32692,Yes,School,9,No,No,6,5.33,1,1
17,Female,84,2,47,9,33862,No,Postgraduate,19,Yes,Yes,8,8.06,3,1
19,Female,60,5,80,6,89507,Yes,Postgraduate,20,Yes,Yes,3,8.63,3,0
22,Male,62,5,45,0,90152,Yes,Postgraduate,8,Yes,No,1,6.84,3,0
23,Female,82,2,44,0,80469,No,Graduate,25,Yes,Yes,6,7.71,0,0
22,Male,94,6,83,4,14926,No,Graduate,19,No,No,8,6.74,2,0
22,Female,55,1,96,8,13969,Yes,Graduate,5,No,Yes,7,9.36,5,1
22,Male,86,2,68,5,45733,No,Postgraduate,11,No,Yes,8,6.99,5,1
19,Male,92,2,67,2,79855,Yes,Graduate,15,No,Yes,7,9.05,4,1
22,Female,99,2,50,2,51743,Yes,School,8,Yes,Yes,5,8.81,2,0
24,Male,54,3,96,6,49876,No,Graduate,19,No,Yes,8,6.46,5,1
18,Male,64,5,40,5,30323,Yes,Graduate,23,Yes,No,6,5.38,4,1
21,Female,75,7,82,8,26428,Yes,Postgraduate,27,Yes,No,6,6.44,4,0
17,Male,50,6,58,5,44578,Yes,Graduate,8,No,Yes,7,8.96,3,1
17,Female,90,4,48,4,96486,No,School,26,Yes,No,6,5.37,1,0
21,Female,54,7,66,9,74140,No,Postgraduate,27,No,No,4,7.15,3,1
19,Female,43,6,73,6,93829,No,School,19,No,Yes,5,8.84,0,0
20,Male,60,4,83,0,16364,No,Postgraduate,18,No,No,3,6.12,5,0
19,Male,52,3,43,6,45349,Yes,Postgraduate,10,No,Yes,8,7.85,4,1
17,Male,61,2,75,2,10691,No,Graduate,29,No,No,3,5.47,1,1
17,Female,58,3,57,8,76467,No,School,7,Yes,No,1,4.66,5,1
21,Male,73,3,54,5,55896,No,Postgraduate,28,No,No,3,8.77,4,0
22,Female,53,7,90,8,67062,No,Graduate,9,No,No,2,4.59,4,1
19,Female,43,1,52,4,89762,Yes,Postgraduate,1,Yes,No,6,5.63,3,1
25,Male,87,7,58,6,23861,Yes,Postgraduate,19,No,No,3,9.13,1,0
21,Female,92,5,88,3,98302,Yes,Postgraduate,5,No,No,1,6.08,1,0
24,Male,91,4,45,6,73928,No,Postgraduate,19,Yes,Yes,1,9.84,5,0
17,Male,85,2,87,0,93231,No,Postgraduate,1,Yes,Yes,2,9.88,4,1
21,Male,66,7,95,6,51347,Yes,Postgraduate,15,No,Yes,1,5.61,1,0
19,Male,68,4,51,7,13121,No,Graduate,16,Yes,Yes,7,4.25,1,0
17,Male,86,6,90,4,93793,No,Postgraduate,23,No,No,4,8.23,5,0
20,Female,67,4,76,1,38164,Yes,School,7,Yes,No,7,6.71,3,0
21,Female,74,6,56,4,35491,Yes,Graduate,26,No,No,6,4.6,2,0
23,Female,47,7,97,5,69222,No,School,12,No,Yes,6,8.25,0,0
17,Male,55,5,62,1,33165,No,Postgraduate,8,No,Yes,6,4.19,2,1
19,Male,81,7,65,5,13748,No,School,5,Yes,Yes,5,9.22,1,0
18,Male,75,6,68,5,36553,Yes,Postgraduate,10,No,No,3,4.83,4,1
25,Female,69,4,72,0,70380,Yes,Postgraduate,28,Yes,Yes,4,4.76,0,0
22,Male,57,4,99,0,54331,Yes,Graduate,21,No,No,3,5.05,0,1
19,Female,41,6,66,9,49560,Yes,Graduate,5,No,Yes,4,9.76,4,1
24,Female,88,3,64,2,63865,No,Postgraduate,17,No,No,3,8.16,0,0
24,Male,52,5,95,9,56686,Yes,Graduate,26,No,Yes,2,8.81,4,1
18,Male,43,1,94,9,85910,Yes,School,5,No,No,8,6.39,0,1
22,Female,65,2,49,2,14675,No,Graduate,22,Yes,Yes,7,6.02,5,1
23,Male,64,4,86,3,76706,No,Graduate,15,Yes,Yes,1,5.41,5,1
18,Female,69,2,62,1,87986,No,School,13,Yes,No,1,6.88,2,0
18,Male,50,1,60,8,86216,Yes,Graduate,28,No,No,7,7.31,0,1
17,Male,46,7,60,9,20068,No,Postgraduate,1,No,Yes,2,7.79,3,1
24,Female,70,2,82,6,64460,No,School,11,Yes,No,4,5.54,4,1
17,Male,83,1,52,6,56418,Yes,Postgraduate,23,No,Yes,7,9.69,0,0
25,Female,49,6,76,5,36206,Yes,School,1,No,No,5,5.02,5,1
22,Male,78,3,72,2,10287,No,Postgraduate,11,No,Yes,4,9.79,5,0
23,Female,52,4,63,5,32337,Yes,Postgraduate,18,Yes,No,1,4.09,4,1
23,Female,70,1,83,7,30666,No,Graduate,18,Yes,Yes,5,6.89,3,1
19,Male,46,2,50,7,11161,No,Postgraduate,21,Yes,Yes,3,6.0,0,1
18,Female,95,4,56,8,48751,Yes,Graduate,26,Yes,Yes,5,6.69,0,0
25,Male,88,3,43,0,92063,No,School,16,Yes,No,4,7.42,3,0
24,Male,81,6,86,0,99389,Yes,Postgraduate,13,No,Yes,2,6.61,3,0
23,Male,81,7,64,2,24758,Yes,Postgraduate,7,No,No,3,6.49,3,0
25,Female,95,4,69,2,75780,Yes,School,1,No,No,4,8.4,5,0
20,Female,75,7,48,9,13178,No,School,26,No,No,3,8.12,4,0
20,Male,59,1,60,7,41831,Yes,Postgraduate,16,Yes,Yes,5,9.0,3,1
17,Male,43,3,59,9,12176,Yes,School,1,Yes,No,1,5.5,4,1
24,Female,93,2,58,0,43654,No,Graduate,17,No,No,4,7.66,2,0
19,Male,46,3,58,1,36627,No,School,6,Yes,No,8,7.51,0,0
23,Male,93,3,51,1,62550,No,School,2,No,Yes,2,6.22,0,0
18,Female,40,5,76,2,54910,No,Postgraduate,17,No,No,8,6.92,1,0
18,Male,83,3,81,5,68251,Yes,Graduate,6,No,No,8,5.88,2,0
23,Female,95,3,56,0,45422,Yes,School,14,No,No,7,4.85,3,1
22,Male,84,4,76,1,21984,Yes,Graduate,18,Yes,No,5,5.28,3,1
19,Female,81,2,93,0,99312,No,Graduate,6,No,Yes,4,4.63,5,1
25,Male,86,4,87,4,71386,No,Graduate,10,Yes,Yes,2,8.1,2,0
22,Male,98,4,78,6,93291,Yes,Postgraduate,24,No,No,4,7.96,3,0
22,Female,52,1,67,7,17135,No,School,18,No,No,5,9.7,1,1
17,Male,94,4,80,9,10320,No,Postgraduate,27,No,No,4,8.38,4,0
20,Female,61,5,74,0,31684,Yes,School,9,No,No,3,4.31,0,0
22,Male,93,5,86,6,65913,Yes,School,8,Yes,Yes,5,9.31,2,0
22,Female,60,7,87,4,98774,No,Postgraduate,28,No,Yes,4,9.18,0,0
21,Female,61,1,57,9,31889,No,Graduate,10,Yes,Yes,7,6.66,4,1
17,Female,67,7,53,0,58899,No,Graduate,17,No,Yes,1,7.52,2,0
24,Female,48,7,74,2,20770,Yes,School,23,No,No,4,9.86,4,1
21,Male,65,6,83,6,49321,Yes,Postgraduate,29,No,No,3,7.19,3,0
21,Male,48,2,80,9,95962,Yes,Graduate,26,Yes,Yes,2,9.43,3,1
23,Female,54,2,99,0,51777,Yes,Graduate,6,No,Yes,7,4.5,3,1
20,Female,49,4,46,6,56250,Yes,School,14,No,No,2,5.15,4,1
22,Female,63,4,80,4,83034,No,School,22,No,No,8,6.64,4,0
20,Male,97,6,52,0,50130,No,Postgraduate,22,No,No,7,7.51,4,0
19,Male,96,4,57,0,91931,No,School,6,No,No,2,8.9,0,0
23,Male,81,2,76,0,59346,Yes,Graduate,26,Yes,No,1,9.93,4,1
24,Male,47,7,52,8,12537,Yes,Graduate,7,Yes,Yes,3,6.33,3,1
20,Female,63,3,75,2,94762,Yes,Graduate,12,No,Yes,8,4.28,1,0
18,Female,55,5,70,4,25216,No,Graduate,3,No,No,5,8.81,4,1
19,Female,88,3,41,9,94149,Yes,Postgraduate,14,Yes,No,2,7.63,1,0
17,Male,65,3,55,8,13009,Yes,Postgraduate,22,No,Yes,7,5.19,3,1
24,Male,66,2,48,5,99904,No,School,19,Yes,No,3,6.97,4,1
19,Male,76,3,48,8,39327,Yes,School,23,No,Yes,4,8.45,0,0
23,Female,43,6,77,7,24209,No,School,16,No,Yes,1,8.62,0,0
21,Female,89,1,50,7,58443,Yes,Postgraduate,7,Yes,Yes,3,7.0,1,0
21,Male,63,4,93,0,25029,Yes,Graduate,8,No,Yes,3,5.83,5,1
23,Female,58,1,95,8,77613,No,School,18,Yes,No,5,9.84,0,1
25,Male,75,7,61,5,89443,No,Graduate,25,Yes,No,3,7.98,0,0
21,Male,99,5,72,8,66997,No,School,13,Yes,Yes,5,6.45,0,0
17,Female,78,4,75,2,72559,No,School,21,No,No,1,5.68,3,1
17,Male,49,3,84,2,74892,No,School,9,Yes,No,1,8.39,0,0
18,Female,64,5,62,5,80409,No,School,10,Yes,No,4,5.45,2,0
22,Male,57,4,84,8,18635,Yes,School,21,No,No,5,5.03,4,1
25,Female,58,6,84,6,43065,Yes,Graduate,23,No,Yes,5,7.18,0,0
24,Female,75,6,73,2,43783,No,School,27,No,No,2,5.74,5,1
21,Female,49,6,48,2,44152,Yes,Graduate,9,No,Yes,2,7.77,5,1
17,Male,72,6,63,1,68741,No,Postgraduate,15,No,Yes,4,4.71,0,0
23,Male,94,3,47,8,61502,Yes,School,20,No,No,1,7.93,0,0
21,Female,89,1,46,2,39092,No,Graduate,2,Yes,Yes,6,5.7,2,1
22,Female,44,4,75,4,27653,Yes,Postgraduate,25,No,No,2,4.0,0,1
23,Male,86,3,57,8,50469,Yes,Postgraduate,13,Yes,No,3,4.76,0,0
19,Male,88,6,42,7,96483,Yes,Postgraduate,2,No,Yes,1,9.6,4,0
19,Male,74,7,67,1,69754,Yes,Graduate,19,Yes,No,6,9.2,5,0
21,Female,83,1,45,2,39978,Yes,School,26,Yes,Yes,8,5.4,2,1
22,Male,73,7,83,1,97592,No,School,2,No,Yes,3,8.67,5,0
25,Male,72,5,83,7,53169,No,Graduate,3,No,No,7,7.65,2,0
21,Female,94,7,60,5,58287,No,School,6,Yes,No,5,9.83,5,0
17,Male,60,5,67,5,64745,Yes,Graduate,3,No,No,1,6.24,0,0
20,Male,56,5,79,8,15543,No,School,10,No,Yes,7,8.09,5,1
21,Male,61,6,93,7,66392,Yes,Postgraduate,24,Yes,No,4,4.38,5,1
21,Female,87,5,93,3,31067,Yes,School,27,Yes,Yes,5,6.38,2,0
23,Female,76,2,40,3,61033,Yes,Graduate,6,Yes,Yes,5,9.78,1,0
20,Female,54,4,75,8,55256,No,Graduate,23,No,No,3,7.23,2,0
17,Female,74,4,60,0,79345,Yes,Postgraduate,16,No,No,7,5.73,2,0
21,Female,67,6,99,1,32191,No,Graduate,17,No,No,5,4.72,2,0
23,Female,46,2,82,1,96803,No,School,19,No,Yes,2,8.22,3,1
22,Female,71,7,74,5,82742,Yes,School,3,Yes,No,1,7.87,3,0
21,Male,50,3,52,3,96593,Yes,Postgraduate,18,No,Yes,2,6.24,3,1
20,Male,49,7,96,9,38992,No,Graduate,7,Yes,No,3,9.71,2,0
18,Female,48,3,88,2,91531,No,Postgraduate,9,No,No,6,4.13,1,1
20,Male,53,5,93,2,58803,No,School,20,No,Yes,8,5.82,2,1
19,Male,52,1,93,2,73477,No,Postgraduate,12,Yes,Yes,3,9.53,0,1
17,Female,96,3,49,5,23210,No,Graduate,5,No,No,1,5.93,1,0
24,Male,64,1,92,7,93329,No,Postgraduate,3,No,No,5,5.51,3,1
21,Male,41,4,83,6,36270,Yes,Graduate,11,Yes,No,7,7.21,5,1
20,Male,74,1,86,3,72008,No,Graduate,25,No,No,7,8.94,5,1
24,Male,46,4,92,3,15197,No,School,4,Yes,No,4,4.62,4,1
23,Male,60,2,49,9,17452,No,School,5,Yes,Yes,3,9.66,1,0
18,Female,57,2,85,1,51486,No,School,1,Yes,Yes,1,8.77,3,1
17,Female,42,6,52,0,24859,Yes,Graduate,27,Yes,Yes,4,5.09,1,1
20,Female,81,6,76,8,37236,Yes,Postgraduate,28,No,Yes,5,8.27,1,0
24,Male,93,5,77,1,41899,No,Graduate,29,No,No,6,6.31,5,0
18,Female,78,3,63,7,42083,No,School,18,No,Yes,3,6.41,2,0
19,Male,80,5,41,8,77708,No,School,12,Yes,Yes,6,8.7,0,0
17,Male,88,4,61,3,26663,Yes,Postgraduate,13,No,Yes,1,9.78,4,0
17,Male,50,5,56,7,29053,Yes,School,9,No,No,6,4.76,3,1
19,Male,78,1,75,8,21085,Yes,School,2,No,Yes,6,6.52,1,0
21,Female,63,4,53,9,40564,Yes,School,5,No,No,1,6.89,4,0
19,Female,99,6,49,9,99745,Yes,Postgraduate,13,Yes,Yes,1,6.26,1,0
17,Male,85,2,74,4,69095,Yes,Graduate,16,Yes,No,3,6.18,5,1
17,Female,58,6,64,6,79517,No,School,16,No,Yes,6,4.31,0,1
24,Male,43,3,42,9,31153,Yes,Postgraduate,24,Yes,No,4,8.11,5,1
18,Female,65,4,86,3,15247,Yes,School,3,No,Yes,8,6.62,4,0
19,Female,77,4,77,0,20553,No,Postgraduate,22,No,No,1,5.17,3,1
18,Male,81,1,56,2,30811,Yes,School,4,No,No,5,8.9,1,0
19,Female,71,3,51,4,16135,No,Postgraduate,11,Yes,Yes,6,8.82,0,0
23,Male,78,2,93,2,15573,Yes,School,23,No,No,1,6.92,5,1
17,Female,84,7,91,6,89267,No,Graduate,26,Yes,No,4,5.79,4,1
24,Male,85,4,63,8,17189,No,School,14,Yes,Yes,7,7.83,5,0
18,Male,75,4,68,5,90077,No,Postgraduate,29,No,Yes,3,5.73,1,0
19,Female,79,1,82,9,53646,No,School,3,Yes,No,6,5.42,1,1
25,Female,76,5,64,0,86623,No,Graduate,16,Yes,Yes,7,8.38,3,0
23,Male,72,2,75,6,63687,Yes,School,22,No,Yes,1,4.24,0,1
20,Female,75,6,97,2,78312,Yes,Postgraduate,15,Yes,Yes,1,4.57,2,0
21,Female,42,3,99,4,37564,No,Postgraduate,28,Yes,No,5,4.04,5,1
18,Male,48,4,65,9,38835,No,Graduate,10,No,No,5,4.92,1,1
24,Male,47,4,77,3,71587,No,Postgraduate,9,No,No,6,4.41,4,1
20,Female,72,6,40,9,17697,Yes,School,11,Yes,No,7,9.97,5,0
25,Male,98,2,59,4,90165,No,School,16,No,No,8,5.73,3,1
21,Male,45,5,94,4,83922,No,School,10,No,No,7,4.9,3,1
25,Male,80,4,67,5,27046,No,Postgraduate,17,Yes,No,1,5.45,1,0
20,Female,78,2,55,9,67823,No,School,19,Yes,Yes,8,9.62,1,0
21,Female,43,6,86,9,83580,Yes,School,2,No,No,6,7.12,1,0
25,Male,52,1,56,5,63370,No,School,24,Yes,No,1,6.19,2,1
24,Female,88,5,79,7,19615,No,Graduate,23,No,Yes,5,9.24,1,0
19,Male,99,3,67,7,15060,Yes,Postgraduate,2,No,Yes,4,6.37,5,0
17,Female,41,4,97,8,86436,No,Postgraduate,6,Yes,Yes,2,6.01,5,1
19,Male,99,2,51,7,70519,No,Postgraduate,19,Yes,No,8,5.24,0,1
20,Male,44,1,66,1,81117,Yes,Graduate,8,No,Yes,2,6.27,4,1
18,Female,83,3,93,9,71158,Yes,Postgraduate,26,No,No,1,5.9,1,0
17,Male,66,7,92,0,44782,Yes,Graduate,29,No,No,7,8.06,5,0
23,Female,71,2,81,9,95709,No,Graduate,3,No,No,5,5.74,5,1
24,Female,60,2,98,1,88533,No,Postgraduate,26,Yes,Yes,3,7.46,5,1
23,Male,47,3,86,1,68255,Yes,School,14,No,Yes,3,4.4,2,1
21,Male,77,1,69,2,82684,Yes,School,25,Yes,No,2,5.15,4,1
17,Female,47,7,80,9,66918,Yes,Postgraduate,16,Yes,No,4,6.44,3,1
23,Male,89,6,73,6,94284,No,Postgraduate,1,No,No,2,9.62,5,0
23,Male,42,1,76,1,89558,No,Graduate,21,Yes,Yes,1,6.26,1,1
25,Male,93,5,45,0,95549,Yes,Postgraduate,3,Yes,No,4,7.98,5,0
19,Male,83,4,46,5,91422,No,Graduate,22,No,Yes,3,5.53,4,1
25,Male,97,3,71,8,35256,Yes,Postgraduate,26,Yes,No,7,4.76,3,1
17,Female,42,6,71,2,40005,No,School,18,Yes,Yes,5,4.35,2,1
17,Female,61,7,92,5,16638,No,School,9,No,No,8,5.83,0,0
20,Male,45,3,64,2,47419,No,Postgraduate,6,No,Yes,5,4.95,1,1
25,Male,41,3,72,0,43377,No,Graduate,23,No,Yes,1,5.04,0,1
22,Male,62,1,94,4,53116,Yes,School,21,No,Yes,2,8.56,2,0
19,Female,83,4,97,9,46634,No,Graduate,25,No,Yes,1,4.1,4,1
17,Male,41,5,46,3,92291,No,Postgraduate,1,No,Yes,8,7.35,4,1
20,Female,77,2,91,6,33382,Yes,Postgraduate,21,No,Yes,5,6.28,2,0
25,Female,56,2,96,5,66063,No,School,27,Yes,No,8,7.04,5,1
19,Female,74,3,51,9,32394,Yes,Postgraduate,10,Yes,No,3,7.38,2,0
25,Male,73,4,55,6,77789,Yes,School,27,No,No,5,5.88,1,0
23,Female,62,7,55,4,10864,No,Graduate,6,Yes,No,4,5.77,3,1
20,Male,69,7,82,3,50222,No,School,23,Yes,Yes,7,8.4,0,0
19,Female,91,6,92,6,23666,Yes,School,12,No,No,8,9.23,0,0
21,Male,47,1,75,6,30955,Yes,Graduate,4,Yes,Yes,7,5.16,4,1
21,Female,61,4,52,5,91845,Yes,School,28,No,Yes,6,4.59,5,1
19,Male,83,4,46,7,79590,No,School,13,Yes,Yes,5,9.39,4,0
25,Female,97,1,75,3,76471,Yes,Postgraduate,17,No,No,5,6.1,1,0
20,Male,75,7,86,9,98314,Yes,Graduate,27,Yes,Yes,7,7.31,2,0
21,Male,44,7,90,4,53298,Yes,School,8,Yes,No,6,6.16,0,0
20,Male,52,7,48,3,73108,No,Graduate,26,Yes,No,4,4.75,1,1
21,Male,68,3,71,0,58924,Yes,Graduate,20,No,No,2,7.54,4,0
23,Female,70,4,50,7,26709,No,School,3,Yes,No,8,7.15,4,0
25,Female,86,2,47,0,19726,No,Postgraduate,12,Yes,No,8,5.22,0,1
23,Male,96,1,72,4,70824,Yes,Graduate,7,No,Yes,5,6.71,4,1
21,Female,94,7,62,5,50542,No,School,12,No,Yes,7,8.78,5,0
23,Male,55,6,64,5,30245,Yes,Graduate,2,Yes,No,1,7.54,4,1
21,Male,81,7,95,4,44753,No,Postgraduate,24,Yes,Yes,5,4.58,3,1
19,Female,69,7,47,2,89788,No,Postgraduate,14,Yes,No,1,7.29,2,0
23,Male,96,5,84,4,31316,Yes,Postgraduate,22,Yes,Yes,4,8.22,4,0
18,Male,94,3,61,7,94698,Yes,School,23,No,Yes,5,8.76,3,0
25,Female,55,1,98,1,25960,Yes,School,5,Yes,Yes,8,7.77,1,1
17,Male,51,5,43,5,40791,No,Postgraduate,9,Yes,Yes,7,4.92,4,1
22,Male,56,5,79,8,35216,No,School,21,No,Yes,4,8.26,5,1
23,Male,55,6,42,7,42467,Yes,Postgraduate,11,Yes,Yes,4,8.06,1,0
24,Male,51,4,68,7,74427,Yes,School,5,Yes,Yes,2,4.15,4,1
25,Female,47,6,80,7,72047,No,Postgraduate,3,Yes,Yes,5,6.47,0,0
18,Female,59,4,68,6,83290,No,Graduate,27,No,Yes,1,6.0,3,1
18,Female,42,4,73,7,57014,No,Postgraduate,17,No,Yes,1,8.02,3,1
21,Male,55,1,73,5,14078,Yes,Postgraduate,2,Yes,Yes,5,5.3,0,1
21,Male,69,7,67,1,88389,No,School,24,Yes,Yes,6,7.55,2,0
22,Female,84,1,52,1,60519,Yes,School,1,No,Yes,2,9.48,5,1
19,Male,62,3,54,7,14042,No,School,7,Yes,No,2,8.79,3,0
24,Male,67,4,99,0,59052,No,School,14,Yes,Yes,2,9.53,1,0
17,Male,90,5,62,5,24389,Yes,School,5,No,Yes,1,9.87,5,0
22,Male,79,7,83,5,78111,Yes,School,19,No,Yes,4,4.06,3,1
20,Female,93,2,65,3,60733,Yes,Graduate,28,No,Yes,7,7.74,2,0
17,Female,44,3,43,9,44754,No,Postgraduate,28,Yes,Yes,6,6.48,1,0
23,Female,59,1,65,2,28624,No,Postgraduate,11,Yes,Yes,8,9.16,5,1
25,Male,79,6,79,2,95886,No,Postgraduate,23,Yes,No,2,5.51,1,0
20,Female,95,3,48,0,36681,Yes,Graduate,25,Yes,No,1,9.89,0,0
20,Female,83,3,94,2,99524,No,Postgraduate,2,No,No,1,7.68,4,0
22,Male,40,7,44,3,91006,Yes,Graduate,8,Yes,Yes,8,8.76,0,0
19,Male,96,3,95,4,34704,Yes,Graduate,9,Yes,Yes,4,4.51,5,1
22,Female,69,3,71,2,17493,Yes,Graduate,27,No,Yes,8,5.1,4,1
23,Female,60,2,59,5,79639,No,Postgraduate,3,No,No,5,8.55,0,0
19,Female,59,6,89,4,64383,No,Graduate,2,Yes,Yes,5,4.13,4,1
23,Female,45,6,50,2,12994,Yes,Postgraduate,7,No,Yes,7,8.9,3,1
19,Male,61,6,54,5,79280,No,Postgraduate,5,No,No,8,4.08,1,0
18,Female,57,4,71,5,57234,Yes,School,21,Yes,No,7,7.94,4,1
20,Female,47,5,67,7,57291,Yes,School,26,Yes,Yes,2,6.19,3,1
24,Male,78,6,61,1,15594,No,Graduate,5,Yes,Yes,7,7.67,2,0
25,Female,71,3,80,0,17371,Yes,Graduate,20,Yes,Yes,2,8.18,0,0
23,Male,72,3,56,3,57315,Yes,Postgraduate,13,No,Yes,6,6.05,2,0
17,Male,92,6,98,6,93564,No,Graduate,21,No,No,7,4.65,5,1
19,Male,55,7,65,9,89526,Yes,Graduate,29,Yes,Yes,4,4.42,3,1
25,Female,51,6,83,2,26626,Yes,Postgraduate,20,Yes,Yes,2,7.53,2,0
17,Female,77,3,46,2,96005,Yes,Graduate,29,No,No,4,7.12,2,0
25,Male,91,4,81,4,17130,Yes,Graduate,6,Yes,Yes,1,8.45,3,0
24,Female,73,1,96,4,16828,Yes,Postgraduate,20,Yes,Yes,2,7.06,1,0
17,Female,53,1,65,9,67514,Yes,Postgraduate,18,Yes,No,1,6.53,4,1
22,Male,75,6,64,2,62664,Yes,School,25,Yes,No,3,6.39,5,0
21,Male,72,2,49,8,27883,No,Postgraduate,2,No,Yes,4,4.16,5,1
22,Female,62,6,98,3,53059,No,School,25,Yes,No,3,6.01,0,0
21,Male,89,7,84,2,94078,Yes,Graduate,26,No,No,2,9.86,4,0
22,Female,84,6,58,1,52932,Yes,Postgraduate,6,Yes,Yes,1,9.24,0,0
21,Female,41,1,50,9,71269,No,Postgraduate,9,Yes,No,2,5.98,5,1
21,Female,80,3,52,8,85986,No,Postgraduate,25,No,Yes,3,7.53,4,0
20,Female,60,6,92,3,95959,No,Graduate,3,Yes,Yes,8,9.08,2,0
19,Male,41,3,47,2,12035,No,School,1,No,Yes,8,6.65,1,0
19,Male,66,3,79,6,50745,No,Graduate,1,Yes,Yes,2,4.11,2,0
20,Male,96,2,43,7,27241,Yes,Graduate,19,Yes,No,6,4.45,1,1
25,Male,48,3,86,1,62975,No,Postgraduate,5,Yes,Yes,5,7.06,3,1
18,Female,40,1,70,6,33154,No,School,13,Yes,Yes,3,9.82,0,1
25,Female,50,4,67,4,35625,No,Graduate,19,Yes,Yes,2,8.16,0,0
17,Male,42,4,50,4,54950,Yes,Postgraduate,12,No,Yes,1,4.43,3,1
17,Female,91,5,82,2,66396,Yes,Graduate,16,No,No,2,5.14,4,1
21,Female,62,7,40,4,23331,Yes,Graduate,25,Yes,No,8,8.63,3,0
22,Female,65,6,88,1,73927,Yes,Postgraduate,25,Yes,No,1,9.05,5,0
22,Male,43,7,86,3,96226,Yes,Postgraduate,19,No,Yes,5,7.71,3,1
19,Male,57,1,91,5,94719,Yes,School,3,No,No,2,7.87,1,1
23,Male,94,3,77,0,73014,No,Graduate,12,Yes,No,7,4.17,5,1
25,Female,45,4,63,9,49346,Yes,Postgraduate,5,Yes,Yes,8,8.97,3,1
24,Male,74,7,93,3,80411,Yes,Postgraduate,2,No,No,7,8.73,0,0
22,Male,61,1,99,5,64478,No,School,22,Yes,Yes,5,5.55,2,1
24,Male,82,4,96,8,22254,Yes,School,7,No,No,3,8.25,1,0
21,Male,54,3,86,1,65734,No,Postgraduate,13,Yes,No,1,5.29,1,1
24,Male,61,7,70,6,38621,No,School,25,No,No,7,4.24,4,1
20,Male,99,4,80,5,86441,Yes,Postgraduate,15,No,No,6,5.21,2,0
24,Female,76,6,85,1,56121,No,Graduate,22,Yes,Yes,3,5.07,1,0
18,Female,91,6,89,7,91418,No,School,3,No,Yes,1,6.03,3,0
21,Male,81,5,65,6,70197,No,Graduate,28,Yes,No,8,6.51,1,0
25,Male,51,5,88,4,94577,No,Graduate,21,Yes,Yes,8,7.05,1,0
20,Female,86,4,89,4,52431,Yes,Graduate,20,Yes,No,8,6.86,1,0
22,Female,88,1,44,6,14837,No,Postgraduate,5,Yes,No,5,5.62,4,1
17,Male,81,6,59,8,93163,Yes,Graduate,24,No,No,7,4.18,1,0
25,Male,77,1,91,8,81232,No,Graduate,8,Yes,No,8,7.63,1,0
17,Male,57,1,80,8,58994,No,Graduate,22,Yes,No,4,6.37,4,1
21,Male,84,4,50,5,89079,No,Postgraduate,1,Yes,No,8,5.79,5,1
20,Female,74,1,95,9,22615,Yes,Graduate,8,Yes,Yes,2,9.2,2,0
19,Male,69,6,93,5,11466,Yes,Graduate,24,No,Yes,5,8.48,5,0
22,Male,63,3,72,2,40771,Yes,School,18,Yes,No,1,9.15,0,0
18,Male,81,5,89,0,93886,No,Postgraduate,20,No,Yes,1,6.97,4,0
19,Male,69,3,77,6,75911,No,Graduate,28,No,No,1,4.79,4,1
21,Female,53,1,66,3,30746,No,School,16,No,Yes,1,8.18,1,1
25,Female,45,3,73,0,98422,No,Postgraduate,18,Yes,Yes,2,5.24,1,1
18,Female,42,6,54,7,70739,Yes,Postgraduate,20,Yes,Yes,3,6.65,0,0
24,Male,55,6,71,5,83369,No,Postgraduate,12,Yes,No,6,4.39,1,1
18,Male,46,1,97,5,11893,Yes,Postgraduate,13,Yes,Yes,4,8.95,3,1
21,Female,91,4,60,1,40573,No,Postgraduate,13,No,No,2,4.76,1,0
23,Male,53,3,85,0,50874,Yes,Postgraduate,10,No,No,1,9.42,1,0
24,Male,48,4,44,1,87362,Yes,Graduate,7,Yes,No,2,9.19,3,1
17,Female,54,4,45,3,97460,No,Graduate,25,Yes,Yes,5,6.79,0,0
22,Female,60,2,77,1,43367,No,Graduate,14,Yes,Yes,6,8.47,3,1
17,Female,74,1,61,0,31199,Yes,Graduate,24,Yes,Yes,1,7.72,4,1
18,Female,41,5,57,6,84328,No,School,16,Yes,No,4,8.82,3,1
17,Male,66,6,53,7,67724,No,Graduate,15,Yes,No,1,6.59,2,0
21,Male,41,6,49,5,96133,Yes,Postgraduate,12,Yes,Yes,6,8.71,4,1
25,Female,74,1,85,3,46405,Yes,Graduate,9,No,No,4,6.77,1,0
22,Male,57,7,52,5,25989,Yes,Graduate,8,No,Yes,6,9.65,4,1
17,Female,53,7,70,2,38931,Yes,Postgraduate,18,No,Yes,4,6.92,0,0
17,Female,59,7,69,7,19290,No,Graduate,23,No,Yes,3,6.78,0,0
18,Male,57,5,42,9,48367,Yes,Graduate,18,Yes,Yes,7,8.71,3,1
25,Female,49,6,69,1,89878,Yes,Graduate,13,Yes,No,3,8.93,4,1
19,Male,64,1,45,4,89481,Yes,School,28,Yes,Yes,2,7.33,1,0
17,Male,41,6,68,0,86298,No,Graduate,27,Yes,Yes,2,5.08,0,1
21,Male,64,4,47,5,40133,Yes,Postgraduate,18,Yes,Yes,8,6.81,5,0
23,Male,93,3,83,1,37052,No,Postgraduate,15,No,Yes,4,9.81,1,0
22,Female,72,3,84,3,95489,Yes,Graduate,4,Yes,Yes,8,8.52,5,0
17,Male,75,6,82,5,50475,Yes,Graduate,17,No,Yes,8,8.87,2,0
21,Female,70,2,83,9,92666,No,Graduate,5,Yes,Yes,1,4.2,5,1
21,Female,53,5,72,7,67656,Yes,Postgraduate,22,No,No,7,6.81,0,0
22,Female,40,7,56,7,14633,Yes,Postgraduate,16,Yes,No,5,7.88,3,1
19,Female,85,5,87,5,27304,No,School,9,No,No,5,8.98,2,0
21,Male,55,5,50,3,56546,Yes,School,10,Yes,No,1,4.3,4,1
23,Male,93,4,52,7,17008,Yes,School,24,Yes,Yes,1,9.11,1,0
21,Female,85,5,89,7,58291,Yes,Postgraduate,18,Yes,No,3,7.29,0,0
21,Female,91,3,50,9,37405,Yes,School,17,Yes,No,5,5.18,2,0
21,Male,42,4,70,0,46386,No,Graduate,18,No,No,4,5.9,2,1
19,Female,74,1,67,3,30827,Yes,Graduate,7,Yes,Yes,6,5.69,0,1
17,Male,80,5,83,3,43040,No,Postgraduate,4,No,No,8,7.19,4,0
21,Female,45,5,45,6,70354,Yes,School,26,Yes,No,2,4.31,4,1
25,Male,64,1,80,6,88543,No,Graduate,5,No,Yes,8,4.95,3,1
17,Female,52,5,55,7,28157,Yes,Postgraduate,28,Yes,No,8,8.88,5,1
19,Female,92,1,43,4,45315,No,School,23,Yes,Yes,6,4.8,4,1
20,Male,73,4,74,6,45932,Yes,Graduate,16,No,No,3,5.4,3,1
17,Female,47,3,99,7,31164,No,School,3,Yes,Yes,5,6.72,5,1
17,Female,60,1,87,8,24414,No,Postgraduate,26,Yes,No,8,7.1,2,0
24,Male,73,2,95,2,24327,Yes,School,18,No,No,7,8.58,0,0
18,Female,43,1,98,2,10946,No,Postgraduate,29,Yes,No,1,6.68,4,1
24,Male,64,5,65,3,24693,Yes,School,23,No,Yes,7,8.74,3,0
23,Male,54,7,96,4,37241,Yes,Graduate,21,Yes,No,7,7.71,2,0
18,Female,43,7,51,9,25540,Yes,Postgraduate,14,No,Yes,5,4.68,4,1
22,Female,84,4,50,0,82255,Yes,Postgraduate,15,No,Yes,4,4.94,1,0
22,Female,99,6,76,6,74757,Yes,Postgraduate,17,No,Yes,3,6.62,2,0
19,Female,51,4,64,8,51203,No,School,1,No,Yes,8,6.38,4,1
18,Female,71,6,57,7,35081,Yes,School,25,Yes,No,8,8.46,2,0
17,Female,71,7,58,4,71861,Yes,Graduate,21,Yes,No,8,7.48,0,0
22,Female,67,7,62,3,21350,Yes,Postgraduate,17,No,No,1,6.33,0,0
21,Male,52,1,94,6,65512,Yes,Postgraduate,23,Yes,Yes,6,5.02,0,1
25,Female,70,3,77,4,66809,Yes,School,25,Yes,No,4,5.36,5,1
17,Male,53,2,93,6,52832,Yes,School,11,Yes,Yes,6,7.45,1,1
23,Female,59,4,57,0,38369,No,Graduate,17,No,Yes,2,6.54,0,0
21,Female,57,5,65,0,41728,No,Graduate,26,Yes,Yes,3,7.09,1,0
21,Male,68,6,45,9,27576,Yes,School,14,Yes,No,4,5.02,0,0
18,Female,99,5,43,2,39001,No,Postgraduate,29,No,No,4,7.98,5,0
19,Female,45,3,83,1,93384,Yes,Graduate,20,Yes,Yes,8,9.12,2,0
23,Male,71,6,90,1,10390,Yes,School,19,No,No,6,5.55,4,1
22,Female,68,4,68,6,97535,Yes,School,21,No,No,1,6.95,4,0
18,Female,82,1,98,9,55436,Yes,Postgraduate,7,No,Yes,2,9.85,0,0
22,Female,41,5,73,1,21569,Yes,School,24,Yes,Yes,8,6.0,4,1
18,Male,99,3,56,3,23029,No,School,13,Yes,No,8,7.57,0,0
18,Female,62,4,82,1,32490,No,Graduate,18,No,Yes,8,4.54,0,0
18,Female,58,7,82,5,55875,No,School,23,No,Yes,6,7.64,3,1
19,Female,70,7,92,7,15867,No,School,14,No,No,4,4.54,3,1
18,Female,90,4,55,9,90820,Yes,Graduate,1,No,No,3,9.76,3,0
20,Male,44,4,41,3,19121,No,Postgraduate,7,No,Yes,4,8.29,1,0
25,Male,58,4,73,4,11539,Yes,Postgraduate,8,No,No,5,8.73,3,1
22,Female,73,6,94,3,27027,No,Graduate,18,Yes,Yes,3,8.22,0,0
17,Female,49,4,47,2,84229,No,Graduate,9,No,Yes,8,7.54,5,1
24,Male,64,5,52,4,18921,No,Postgraduate,1,No,No,3,6.7,5,0
23,Male,41,3,81,8,60435,No,Postgraduate,29,No,Yes,4,9.15,2,0
19,Female,50,6,47,7,20310,Yes,Postgraduate,22,Yes,Yes,1,9.74,3,1
17,Male,89,4,69,7,73965,No,Postgraduate,17,Yes,Yes,8,6.99,5,0
21,Female,70,2,71,7,79922,No,Postgraduate,19,Yes,No,3,9.59,3,1
20,Male,95,2,75,7,92839,Yes,Graduate,27,Yes,No,5,7.5,2,0
24,Male,54,3,86,6,22242,Yes,School,6,No,No,6,7.23,5,1
17,Male,48,7,69,7,18947,No,Postgraduate,3,Yes,Yes,1,6.73,0,0
17,Male,62,1,40,7,81466,Yes,Postgraduate,24,No,Yes,1,5.26,1,1
20,Female,58,1,82,7,71816,Yes,School,5,No,No,1,4.02,3,1
24,Male,48,7,78,9,58785,Yes,School,2,No,No,3,5.45,5,1
21,Male,74,6,56,6,10507,No,School,20,No,No,1,7.06,5,0
18,Female,60,6,98,0,76972,Yes,School,25,No,Yes,4,6.28,2,0
22,Male,48,6,59,3,37151,No,School,4,No,No,1,6.69,0,0
21,Male,67,1,63,3,21618,No,School,10,Yes,Yes,5,9.88,4,1
18,Female,85,2,89,4,84286,No,Graduate,10,Yes,No,8,6.1,5,1
19,Male,90,1,61,9,26122,No,School,24,Yes,Yes,8,6.71,1,0
25,Female,46,5,68,5,17354,Yes,School,21,Yes,Yes,2,4.8,2,1
23,Female,55,4,61,3,40979,No,Graduate,11,Yes,No,5,4.29,5,1
23,Female,55,6,83,1,96436,Yes,School,27,No,Yes,3,8.65,5,1
22,Female,99,2,48,5,89376,No,Postgraduate,16,Yes,No,1,7.42,2,0
24,Male,72,3,76,7,62774,Yes,Postgraduate,26,Yes,Yes,1,8.56,2,0
20,Female,43,3,49,7,15037,No,School,29,Yes,Yes,4,4.9,3,1
24,Male,43,4,75,6,38633,Yes,Graduate,29,No,No,6,7.43,5,1
20,Male,78,2,76,5,34495,No,Postgraduate,17,No,Yes,1,5.52,4,1
24,Male,79,1,67,1,74550,No,Graduate,16,No,No,7,5.37,1,1
25,Male,56,1,67,6,91384,Yes,Postgraduate,7,Yes,No,5,4.07,0,1
19,Male,76,5,81,4,46483,No,School,16,Yes,No,3,4.78,0,0
19,Male,78,5,82,5,83373,No,Graduate,3,Yes,Yes,8,5.86,4,1
18,Male,99,1,60,9,44069,No,Graduate,26,Yes,Yes,2,4.7,2,1
19,Male,91,3,63,7,17370,Yes,Graduate,16,Yes,Yes,1,9.92,2,0
19,Male,68,6,81,7,81947,No,Postgraduate,8,No,No,2,5.85,2,0
21,Male,91,3,99,2,49133,No,Postgraduate,12,Yes,No,1,4.78,5,1
21,Female,75,5,79,6,10692,Yes,Postgraduate,3,No,Yes,3,5.19,2,0
18,Female,99,4,41,0,38926,Yes,School,17,Yes,Yes,6,7.53,2,0
22,Female,77,1,94,0,83984,Yes,Postgraduate,21,No,No,5,4.38,5,1
21,Male,78,5,47,6,53390,Yes,School,18,No,Yes,8,9.17,5,0
22,Female,89,5,87,9,59593,Yes,Graduate,11,No,No,3,9.77,4,0
17,Female,76,6,66,8,85609,No,Graduate,4,No,Yes,2,5.48,3,1
21,Female,91,1,61,6,15209,No,School,16,Yes,No,1,6.7,5,1
25,Male,74,6,76,9,16533,No,Postgraduate,17,Yes,Yes,2,4.13,1,0
18,Male,46,1,66,4,96597,Yes,School,9,Yes,Yes,5,7.84,2,1
17,Male,66,6,96,7,17211,No,Graduate,6,No,No,7,6.48,3,0
25,Male,67,3,68,1,19927,Yes,Graduate,24,Yes,No,8,5.62,0,0
25,Female,61,4,42,8,87463,Yes,School,27,Yes,No,3,5.24,4,1
25,Female,53,4,83,5,34594,No,Postgraduate,20,Yes,Yes,2,7.92,3,1
22,Female,46,1,52,8,84852,Yes,Postgraduate,25,Yes,No,2,6.5,5,1
24,Female,76,2,84,1,87713,Yes,School,2,No,No,5,5.08,2,1
17,Male,61,7,49,2,86382,No,School,9,No,Yes,7,8.13,2,0
20,Male,44,5,75,7,17933,Yes,Postgraduate,28,Yes,No,1,7.39,2,0
17,Male,94,5,48,0,50696,Yes,Graduate,21,Yes,No,7,9.15,3,0
24,Female,41,1,93,9,75449,No,School,29,Yes,No,2,4.7,2,1
17,Male,66,6,95,6,77616,Yes,Postgraduate,6,No,Yes,5,8.71,5,0
19,Male,60,2,94,6,16089,Yes,Postgraduate,3,No,Yes,1,8.04,3,1
20,Female,93,3,66,0,66548,No,Graduate,20,No,Yes,7,4.69,2,0
24,Female,77,6,73,8,36123,No,Graduate,6,Yes,No,8,8.17,0,0
22,Male,54,6,90,7,17797,No,Graduate,7,No,Yes,7,6.65,0,0
23,Male,60,1,40,3,60013,No,Graduate,1,No,No,8,9.67,1,0
24,Male,49,1,71,9,18346,Yes,Graduate,23,No,No,7,4.85,2,1
18,Male,62,5,64,4,95414,Yes,School,1,No,No,6,7.86,2,0
24,Male,97,1,68,1,43672,No,Postgraduate,5,No,Yes,1,6.29,3,1
19,Male,95,1,46,8,27653,Yes,School,6,Yes,Yes,7,9.74,3,1
23,Female,78,1,88,5,59556,Yes,School,13,Yes,No,6,5.98,2,1
19,Female,44,5,42,2,36140,No,School,2,Yes,No,3,9.77,1,0
23,Female,40,3,59,6,11184,No,School,15,Yes,Yes,5,9.41,2,0
18,Male,52,3,59,8,44493,Yes,School,15,No,Yes,7,5.62,5,1
22,Female,60,7,92,2,54148,No,Graduate,13,Yes,Yes,8,8.82,3,0
19,Male,65,7,69,1,34846,No,Graduate,26,Yes,No,1,9.97,2,0
19,Male,89,1,74,6,32195,No,Postgraduate,25,Yes,Yes,8,5.52,3,1
25,Female,84,7,74,6,15606,Yes,School,14,No,Yes,6,6.62,2,0
23,Male,60,5,88,3,13956,No,Postgraduate,26,Yes,Yes,6,7.12,4,0
21,Male,92,3,78,8,26555,Yes,Graduate,22,No,No,3,5.77,3,1
23,Female,57,6,66,7,28690,Yes,Graduate,7,No,Yes,8,4.09,1,1
25,Female,76,3,65,0,68502,Yes,Graduate,14,No,No,4,5.32,4,1
17,Female,84,3,53,0,58849,No,School,26,Yes,No,5,5.69,5,1
23,Male,71,5,56,4,36347,No,School,24,No,No,8,6.66,2,0
22,Female,75,7,57,5,59056,No,Graduate,27,Yes,Yes,4,5.03,5,1
25,Female,56,6,84,2,73851,No,Postgraduate,29,Yes,Yes,1,9.24,3,1
17,Male,74,5,91,8,91502,No,Postgraduate,10,Yes,Yes,5,8.23,4,0
20,Female,88,1,68,9,91418,Yes,Graduate,17,No,No,8,4.51,5,1
25,Female,99,4,59,5,80211,Yes,Postgraduate,14,No,Yes,3,7.9,1,0
20,Female,50,3,92,3,51850,Yes,Graduate,8,Yes,No,1,7.92,3,1
19,Male,60,4,66,6,88545,No,Postgraduate,4,No,Yes,5,9.74,4,0
25,Male,91,5,57,7,37843,Yes,Graduate,26,No,Yes,8,4.02,5,1
18,Male,94,5,43,8,72320,Yes,Postgraduate,16,No,Yes,8,5.49,4,1
20,Male,92,5,40,5,39793,No,School,24,Yes,Yes,5,9.57,4,0
22,Female,65,4,89,5,49516,No,Graduate,13,No,No,4,9.59,5,0
18,Male,43,5,40,7,27857,Yes,Graduate,22,No,No,1,8.32,0,0
24,Male,73,1,97,4,29627,Yes,Postgraduate,27,Yes,No,3,8.59,2,0
24,Female,91,5,65,2,71822,No,Graduate,25,No,No,3,4.55,3,1
17,Female,87,2,84,2,94101,No,Graduate,27,Yes,Yes,1,7.08,3,1
19,Female,99,7,59,5,62248,No,Graduate,20,No,No,1,5.39,3,1
25,Male,57,4,91,1,65798,No,School,18,No,No,6,5.09,4,1
21,Male,79,2,62,5,54116,Yes,School,14,No,No,2,8.86,5,1
22,Male,74,5,49,5,85318,Yes,Postgraduate,18,No,Yes,8,4.81,2,0
20,Female,80,1,98,7,97902,No,School,5,No,No,4,6.81,1,0
18,Female,68,3,50,6,38557,Yes,Postgraduate,26,No,No,1,9.63,3,0
24,Male,91,6,80,7,81334,Yes,School,9,Yes,Yes,1,5.11,5,1
22,Female,68,7,80,8,85163,No,Postgraduate,28,No,Yes,2,9.87,2,0
21,Female,77,6,44,5,88002,Yes,School,3,No,No,2,9.97,2,0
25,Female,81,5,97,2,52614,Yes,School,8,No,No,5,7.33,0,0
17,Male,60,7,40,9,22720,Yes,Postgraduate,20,Yes,Yes,7,5.02,5,1
21,Female,81,7,56,2,67608,No,Graduate,22,Yes,No,3,5.9,3,1
22,Female,52,1,61,0,82095,No,Graduate,10,Yes,Yes,4,6.55,4,1
21,Male,88,7,73,4,94694,Yes,School,22,No,No,5,5.86,2,0
22,Male,80,4,95,3,97593,No,Postgraduate,19,No,No,1,5.68,2,0
22,Female,56,2,84,8,45892,No,Graduate,21,Yes,No,8,9.83,1,1
23,Female,95,2,80,8,87242,No,Postgraduate,28,Yes,No,2,4.92,0,1
20,Male,48,2,68,4,87606,Yes,Graduate,3,Yes,No,6,8.4,2,1
24,Male,80,4,43,9,10924,Yes,Postgraduate,11,No,Yes,3,4.0,2,0
23,Female,40,6,44,3,61322,No,School,11,Yes,Yes,5,7.58,4,1
25,Female,41,1,50,6,36478,Yes,Postgraduate,17,No,No,6,9.5,4,1
23,Female,99,7,95,5,81042,Yes,Graduate,16,No,No,3,5.73,1,0
19,Female,87,4,90,3,56418,Yes,School,7,No,No,7,5.11,5,1
19,Male,68,2,60,9,72217,Yes,Postgraduate,4,Yes,Yes,7,7.91,1,0
24,Female,72,5,74,1,90846,Yes,Graduate,23,No,Yes,6,8.28,1,0
21,Female,49,3,51,0,83762,No,School,19,Yes,Yes,2,8.13,4,1
20,Male,89,7,65,3,21781,Yes,Postgraduate,12,Yes,Yes,5,5.92,5,1
24,Female,97,4,90,3,15515,Yes,Graduate,15,Yes,Yes,5,5.51,4,1
22,Male,99,4,58,0,46133,Yes,Postgraduate,11,Yes,Yes,7,9.74,0,0
18,Female,79,1,84,5,92508,No,Postgraduate,5,No,Yes,3,9.54,3,1
20,Female,60,1,99,3,86946,No,School,5,No,Yes,6,6.74,3,1
20,Male,67,4,46,0,95058,No,School,15,No,No,2,9.08,0,0
22,Male,50,2,86,0,19095,Yes,Graduate,29,No,Yes,1,6.71,3,1
22,Female,94,3,94,0,98583,No,School,18,Yes,Yes,5,6.55,5,0
17,Female,73,7,46,7,30470,No,Graduate,11,Yes,Yes,8,4.94,4,1
24,Female,47,1,65,9,53129,No,Postgraduate,26,Yes,Yes,1,6.56,3,1
22,Male,98,7,79,7,18531,No,Postgraduate,12,Yes,No,2,7.22,5,0
19,Female,61,2,44,1,47038,Yes,Graduate,2,No,Yes,7,4.14,4,1
25,Male,47,7,60,6,97939,No,Postgraduate,20,Yes,No,8,6.66,5,1
18,Male,88,5,53,7,52674,No,School,15,No,No,5,8.69,0,0
24,Female,54,1,43,7,92476,Yes,Postgraduate,20,Yes,No,5,8.08,1,1
19,Male,56,2,62,9,39831,Yes,School,4,Yes,Yes,6,7.81,0,1
21,Female,99,2,81,6,67174,No,Graduate,22,Yes,Yes,8,9.46,3,1
22,Female,62,3,59,4,21279,Yes,Graduate,18,Yes,Yes,1,4.11,4,1
22,Female,63,3,54,0,48220,No,Postgraduate,6,No,No,7,7.34,5,0
20,Female,84,5,89,8,70610,Yes,Postgraduate,23,No,No,6,8.72,3,0
19,Female,58,2,91,6,62719,Yes,School,27,No,No,4,7.25,3,1
20,Male,44,6,84,1,63051,No,School,26,No,No,1,5.94,1,1
17,Male,71,2,68,5,82013,Yes,Postgraduate,19,Yes,Yes,1,4.82,3,1
20,Female,83,3,47,1,66652,No,Postgraduate,11,Yes,Yes,4,9.33,1,0
17,Female,40,6,80,0,75524,Yes,Graduate,28,No,Yes,2,6.82,4,1
17,Male,62,1,87,6,92936,No,Graduate,24,No,No,8,9.27,4,1
22,Male,76,1,58,1,16470,Yes,Graduate,2,Yes,No,8,7.52,5,1
21,Male,47,7,87,1,77598,Yes,Postgraduate,27,Yes,Yes,2,8.05,1,0
20,Male,52,4,78,4,51798,Yes,Postgraduate,8,No,Yes,5,8.83,0,0
19,Female,47,3,85,4,63473,Yes,Postgraduate,29,No,No,3,7.95,4,1
17,Female,96,4,67,6,29880,Yes,Graduate,11,No,Yes,6,6.39,5,0
22,Male,62,6,85,0,54439,No,Postgraduate,5,Yes,Yes,3,7.08,0,0
18,Female,82,3,96,7,24308,Yes,School,18,No,No,5,8.82,4,0
24,Male,40,5,66,2,45081,No,Postgraduate,23,No,No,8,6.24,4,1
21,Female,84,2,43,3,85242,No,Postgraduate,18,No,No,3,6.33,5,1
23,Male,90,5,97,8,60383,No,Postgraduate,14,No,Yes,1,4.57,5,1
18,Female,63,6,54,3,19837,Yes,Postgraduate,22,No,No,1,9.49,2,0
24,Male,74,3,74,9,62151,No,Postgraduate,10,Yes,Yes,4,4.55,3,1
18,Male,63,6,76,4,46824,Yes,School,3,No,Yes,4,7.89,3,0
20,Female,56,2,40,6,43073,No,School,9,Yes,No,5,6.48,0,1
17,Male,44,1,42,3,36299,No,Postgraduate,3,No,Yes,5,6.43,3,1
21,Female,59,1,86,0,68861,No,Graduate,11,No,No,7,8.08,0,1
25,Female,60,6,63,8,40063,No,Postgraduate,12,No,No,5,4.4,4,1
17,Male,79,4,66,3,79453,No,Postgraduate,12,Yes,Yes,1,7.56,2,0
25,Female,97,3,79,8,78472,Yes,Postgraduate,3,Yes,Yes,3,8.63,2,0
24,Female,70,3,75,5,24506,No,Graduate,21,Yes,No,6,8.97,4,0
22,Female,85,1,73,0,89854,No,Graduate,7,No,No,7,5.02,5,1
23,Female,75,7,68,2,36026,Yes,Graduate,14,No,No,7,9.38,1,0
19,Female,50,5,63,1,37672,Yes,School,24,Yes,No,8,7.94,1,0
17,Male,91,7,63,8,48417,Yes,Graduate,28,Yes,No,7,9.29,3,0
21,Female,54,2,81,0,62413,No,School,11,No,No,5,6.91,5,1
18,Female,58,5,43,8,75066,No,School,7,Yes,Yes,5,7.25,0,0
21,Female,46,5,42,8,69213,No,Graduate,25,No,Yes,1,9.51,2,0
24,Female,90,6,73,7,60971,No,Graduate,21,Yes,Yes,6,9.4,3,0
25,Female,67,1,96,7,37281,No,Graduate,10,Yes,Yes,1,6.69,4,1
18,Male,90,7,88,0,38091,No,School,11,Yes,No,6,5.65,5,1
19,Female,82,7,62,7,60494,Yes,Postgraduate,15,No,Yes,1,6.36,2,0
19,Male,97,1,92,9,28610,Yes,Graduate,19,No,Yes,3,6.33,0,0
17,Male,44,7,95,2,11079,No,Graduate,16,Yes,No,8,5.72,0,1
24,Male,44,1,91,6,56751,No,Graduate,22,No,Yes,5,5.61,1,1
22,Male,69,6,62,0,96126,No,School,21,No,No,2,9.17,3,0
24,Female,93,4,84,0,65432,No,School,28,No,No,2,4.42,4,1
25,Male,71,5,44,9,40951,No,Postgraduate,20,No,No,8,8.07,2,0
21,Male,47,6,70,4,90863,Yes,Graduate,12,Yes,No,5,5.04,0,1
19,Female,49,3,92,4,88291,Yes,School,18,No,No,7,6.07,2,0
21,Female,77,2,80,7,69872,No,Postgraduate,23,No,Yes,5,4.37,4,1
21,Female,86,4,96,6,17235,Yes,Graduate,13,Yes,Yes,5,5.62,2,0
21,Male,71,3,96,7,92733,No,School,5,No,Yes,8,8.61,3,0
19,Female,87,5,99,5,72712,No,Graduate,4,No,No,5,9.31,1,0
20,Female,67,7,93,5,31473,No,Graduate,28,No,Yes,7,5.33,2,0
25,Male,56,1,45,1,77567,Yes,School,14,Yes,Yes,6,6.78,5,1
25,Female,70,5,76,5,89823,Yes,School,8,Yes,Yes,8,6.82,1,0
18,Female,47,6,96,4,42230,No,School,9,No,Yes,3,9.24,4,1
24,Female,79,2,49,2,94573,Yes,Graduate,25,No,No,2,8.58,1,0
24,Female,64,6,79,5,78876,Yes,Graduate,19,Yes,Yes,8,7.08,2,0
23,Male,48,4,46,7,50644,No,Postgraduate,3,Yes,No,4,8.02,2,0
24,Female,41,4,78,8,58664,Yes,Graduate,5,Yes,No,2,9.08,5,1
19,Female,54,2,77,0,55203,Yes,School,21,No,Yes,2,4.06,0,1
22,Male,89,3,60,2,76677,No,Graduate,26,No,No,7,6.42,5,0
17,Female,42,3,59,2,35425,No,Postgraduate,18,Yes,No,1,9.44,2,0
23,Male,88,4,42,7,94817,Yes,Postgraduate,1,No,No,5,8.44,1,0
17,Female,75,4,90,0,95961,No,School,8,No,No,5,7.26,5,0
25,Male,43,7,61,4,79806,Yes,School,19,No,No,5,7.18,5,1
17,Male,53,1,86,2,52814,No,Postgraduate,17,No,No,1,6.09,0,1
17,Male,80,7,43,1,80219,No,Postgraduate,17,No,No,7,7.12,2,0
23,Male,80,7,67,7,59646,No,Postgraduate,11,No,Yes,8,7.93,2,0
18,Female,64,3,51,2,49884,No,School,2,No,Yes,3,6.51,4,0
21,Male,97,2,77,6,79322,Yes,Postgraduate,6,Yes,No,3,8.28,0,0
24,Female,94,3,90,0,31650,No,Postgraduate,22,Yes,No,7,9.17,4,0
24,Male,89,1,75,5,19190,No,School,14,Yes,Yes,4,4.93,4,1
19,Male,49,6,86,2,48196,No,Graduate,3,Yes,Yes,3,6.71,4,1
23,Male,60,4,80,7,49449,Yes,Graduate,12,Yes,Yes,7,6.45,3,0
19,Female,75,4,44,5,49661,Yes,Postgraduate,4,Yes,Yes,8,8.12,4,0
22,Male,51,1,52,1,39709,No,Graduate,12,Yes,No,3,5.5,5,1
22,Female,66,7,62,5,90428,No,Graduate,13,Yes,No,5,7.84,1,0
19,Female,79,2,97,6,85179,No,Graduate,2,Yes,Yes,6,9.26,5,1
23,Female,41,4,89,4,19943,No,Graduate,2,No,Yes,7,6.51,5,1
19,Female,93,5,69,2,53240,No,Postgraduate,15,No,Yes,2,9.47,2,0
24,Female,52,7,76,3,55760,No,Graduate,23,Yes,Yes,3,9.96,3,1
20,Female,92,4,64,3,31042,Yes,Graduate,29,No,No,3,4.64,4,1
17,Female,71,5,87,5,53894,No,School,17,No,Yes,1,5.4,2,0
20,Female,70,1,66,9,16869,No,Postgraduate,7,Yes,Yes,4,9.7,0,0
23,Female,55,1,90,0,71078,No,School,28,Yes,Yes,6,9.75,0,1
20,Male,71,7,53,3,66759,No,School,14,Yes,No,8,4.59,2,0
22,Male,71,4,96,9,54306,No,Postgraduate,12,No,No,1,4.09,1,0
25,Male,99,3,87,3,65371,No,Graduate,17,No,No,5,4.97,2,0
17,Male,73,5,98,9,30918,Yes,School,14,Yes,Yes,2,9.98,2,0
21,Male,50,2,86,0,38379,Yes,Postgraduate,6,No,Yes,4,5.08,3,1
23,Female,49,4,93,8,93232,Yes,Graduate,19,No,Yes,1,7.02,0,0
17,Female,54,2,75,3,12962,Yes,Postgraduate,24,No,No,7,9.09,0,1
20,Female,56,4,78,6,23851,Yes,School,6,Yes,No,3,4.12,4,1
22,Female,79,3,55,2,55747,Yes,Graduate,27,No,Yes,3,7.63,5,0
18,Female,57,3,95,9,62349,No,Graduate,18,No,Yes,4,5.66,2,1
21,Female,94,7,61,2,80832,No,Postgraduate,24,No,No,3,9.17,2,0
17,Female,48,7,60,7,66356,No,Graduate,5,No,Yes,7,5.7,1,1
22,Male,64,3,93,7,24745,No,School,24,No,Yes,1,8.12,0,0
22,Male,79,6,60,0,15730,No,School,24,No,Yes,1,8.05,1,0
20,Male,98,3,47,9,23921,No,School,6,No,No,3,5.33,3,1
24,Male,53,1,88,1,81138,Yes,Postgraduate,2,Yes,Yes,3,4.21,4,1
20,Female,99,1,55,7,93111,No,Graduate,8,Yes,Yes,5,6.46,1,0
24,Female,97,6,98,0,29023,Yes,Graduate,15,No,Yes,2,5.74,0,0
24,Female,64,5,94,7,55349,Yes,Graduate,15,Yes,Yes,8,8.85,3,0
21,Male,89,2,70,7,91533,No,School,11,No,No,4,8.8,2,0
20,Female,61,4,81,1,93286,No,Graduate,22,No,No,1,6.74,3,0
18,Female,91,4,49,3,51979,No,School,22,No,No,4,7.64,5,0
19,Female,69,6,71,5,32837,No,Graduate,24,Yes,Yes,5,7.63,1,0
19,Male,59,1,98,8,24997,No,School,1,No,No,1,8.96,0,1
20,Female,60,7,73,7,98603,No,Graduate,18,No,Yes,5,6.55,1,0
20,Male,83,4,48,7,55039,No,Postgraduate,12,Yes,No,5,5.65,2,0
21,Male,71,1,56,6,30923,Yes,Postgraduate,12,Yes,Yes,6,5.59,2,1
20,Male,90,5,50,8,18876,No,School,25,No,No,3,7.22,0,0
24,Male,85,2,71,1,70973,No,School,11,Yes,No,7,6.69,5,1
22,Female,88,5,49,2,12887,Yes,Graduate,28,Yes,No,6,6.64,4,0
22,Male,95,6,61,9,73723,No,Graduate,8,No,Yes,8,4.55,3,1
24,Male,60,3,96,7,52422,No,Postgraduate,28,No,Yes,4,8.31,3,0
23,Female,74,3,56,5,61413,Yes,Graduate,7,No,Yes,7,5.28,2,0
24,Female,97,3,43,9,12841,No,School,23,Yes,No,4,5.18,1,0
18,Male,71,5,87,8,38756,No,School,21,Yes,Yes,3,6.48,1,0
25,Female,69,4,91,9,81576,No,School,2,Yes,Yes,7,5.37,5,1
17,Male,94,2,86,3,20304,No,School,11,No,Yes,6,7.5,4,1
24,Male,78,3,64,7,40341,No,School,22,Yes,Yes,4,6.23,1,0
20,Male,88,6,98,9,14758,No,Postgraduate,10,Yes,Yes,6,6.69,3,0
20,Male,51,6,60,2,27010,Yes,Postgraduate,3,No,Yes,3,7.22,1,0
21,Female,80,3,76,2,70758,No,School,20,No,No,7,5.22,4,1
24,Male,86,3,77,7,41658,No,Graduate,29,No,No,7,4.93,3,1
21,Female,57,2,88,4,59002,Yes,School,10,Yes,Yes,1,9.28,1,1
24,Female,60,3,40,2,11375,Yes,Postgraduate,28,No,No,5,6.6,3,0
17,Female,52,2,64,9,32092,No,School,27,Yes,No,5,6.47,2,1
25,Female,60,6,90,0,10490,Yes,Postgraduate,18,Yes,Yes,6,4.21,2,0
22,Male,47,3,75,2,13729,No,Postgraduate,14,No,Yes,7,6.99,5,1
19,Female,85,5,56,8,15974,No,School,18,No,No,4,7.33,2,0
24,Male,79,7,80,4,95216,Yes,School,28,No,Yes,6,7.35,1,0
25,Female,85,5,63,9,93860,No,Graduate,24,No,No,6,8.24,4,0
22,Female,46,6,41,1,31398,No,Postgraduate,8,No,No,2,5.06,3,1
23,Male,62,2,79,6,44650,Yes,Graduate,10,Yes,No,8,5.51,0,1
17,Male,83,5,54,1,31292,Yes,School,22,Yes,Yes,7,8.86,2,0
21,Male,71,2,71,3,13159,Yes,Postgraduate,13,Yes,No,5,9.68,2,0
21,Female,50,5,78,6,72766,Yes,Graduate,21,No,Yes,7,4.82,0,1
20,Female,61,5,98,3,27065,No,Graduate,8,Yes,Yes,3,6.99,0,0
22,Male,61,2,45,6,31638,Yes,Graduate,4,No,Yes,6,5.29,1,1
23,Male,82,4,40,6,11073,Yes,School,27,No,Yes,2,4.36,3,1
25,Male,64,5,86,0,56511,Yes,School,4,Yes,Yes,2,5.95,2,0
17,Male,61,3,62,5,94307,Yes,School,5,Yes,No,5,4.86,4,1
22,Female,67,7,97,8,39320,Yes,Postgraduate,1,No,Yes,5,8.26,1,0
23,Male,68,6,78,1,79876,No,School,17,Yes,Yes,5,7.2,1,0
19,Male,52,4,96,2,44924,Yes,Postgraduate,2,No,Yes,3,4.86,4,1
24,Male,57,2,56,9,91720,No,Graduate,8,Yes,Yes,2,4.06,4,1
21,Male,41,4,73,4,50734,Yes,Graduate,7,Yes,Yes,4,8.85,5,1
25,Female,68,1,98,8,78116,Yes,School,15,Yes,No,3,5.06,4,1
21,Male,60,1,80,3,50025,Yes,Graduate,26,Yes,Yes,1,7.64,0,0
25,Female,54,5,68,0,12159,Yes,School,25,Yes,Yes,8,6.02,2,0
20,Male,91,5,48,3,58940,Yes,Postgraduate,5,No,No,8,7.51,5,0
25,Male,66,3,52,5,89436,Yes,Graduate,2,Yes,Yes,6,5.89,0,0
21,Female,89,7,45,4,86976,Yes,School,7,Yes,No,8,4.52,5,1
25,Male,70,6,45,0,24678,Yes,Graduate,8,Yes,No,5,5.34,2,0
19,Female,54,4,59,3,71075,No,Graduate,28,No,No,2,5.13,5,1
20,Female,90,1,91,5,57204,Yes,School,7,No,No,8,6.57,0,0
25,Male,62,5,92,9,22021,No,Graduate,7,No,Yes,6,7.95,3,0
22,Female,63,6,42,9,16772,Yes,Graduate,28,No,Yes,8,5.58,2,0
18,Female,83,4,56,3,77163,No,Graduate,14,No,No,7,4.07,1,0
23,Female,52,5,88,8,83755,Yes,Graduate,21,Yes,No,3,7.11,2,0
18,Female,61,5,51,4,33464,Yes,Postgraduate,18,Yes,Yes,1,7.63,2,0
18,Female,82,1,87,7,61137,Yes,Graduate,6,Yes,No,7,9.78,2,0
17,Female,76,1,86,8,40232,No,Graduate,4,No,No,3,7.54,3,1
19,Female,72,5,84,9,71497,No,School,10,No,No,3,6.83,0,0
22,Female,95,2,94,4,84024,No,Postgraduate,18,Yes,Yes,4,7.44,1,0
24,Male,42,5,40,5,61448,No,School,12,No,No,8,9.57,0,0
25,Male,93,6,56,0,94517,Yes,School,16,No,Yes,6,8.97,5,0
23,Female,58,5,42,6,10901,Yes,School,25,No,Yes,4,5.94,5,1
20,Male,62,3,65,3,97980,Yes,Postgraduate,7,Yes,Yes,3,5.42,5,1
22,Female,68,7,54,1,93597,No,School,6,Yes,No,8,5.58,0,0
21,Female,69,3,75,4,12881,Yes,School,28,No,No,1,7.03,4,0
24,Male,78,3,71,2,39863,No,School,5,No,Yes,2,8.46,3,0
17,Female,83,2,71,5,15622,No,Graduate,3,No,Yes,2,7.02,4,1
17,Female,86,2,43,7,11378,No,School,12,No,Yes,8,4.41,5,1
22,Female,64,5,57,6,93168,No,Postgraduate,15,Yes,No,7,8.34,3,0
18,Female,76,3,88,2,81186,No,Postgraduate,10,No,No,6,8.84,0,0
21,Male,86,2,58,7,55201,Yes,Graduate,26,Yes,Yes,5,5.74,5,1
17,Female,47,1,82,1,69251,No,Postgraduate,20,Yes,Yes,5,7.98,0,1
23,Female,81,5,91,9,82572,No,Postgraduate,19,Yes,No,2,6.56,3,0
17,Female,97,6,74,8,49255,Yes,Graduate,16,No,Yes,3,9.33,0,0
20,Male,55,7,79,3,73212,No,School,28,Yes,No,3,9.07,0,0
25,Female,47,4,53,0,60210,No,Graduate,11,Yes,No,4,7.15,1,0
17,Male,40,5,97,7,32499,Yes,School,8,No,Yes,8,8.15,4,1
20,Male,83,4,72,6,61628,Yes,School,3,No,Yes,6,9.3,4,0
22,Female,44,3,53,4,71360,Yes,Postgraduate,23,No,No,8,6.97,4,1
22,Female,42,7,73,9,14603,No,Graduate,7,Yes,No,8,5.88,2,1
24,Male,40,4,94,4,95473,Yes,Postgraduate,23,No,No,4,8.52,1,0
17,Female,43,3,43,6,22632,Yes,Postgraduate,29,Yes,No,5,5.32,5,1
23,Male,79,1,63,4,40607,Yes,School,7,Yes,No,8,6.33,5,1
17,Male,74,4,98,7,75756,No,Postgraduate,14,No,Yes,2,9.19,5,0
23,Female,71,7,68,5,56994,Yes,Graduate,2,Yes,No,7,8.35,4,0
19,Female,81,5,58,4,73382,No,Postgraduate,10,Yes,No,8,6.42,4,0
24,Male,73,3,45,8,80354,No,Postgraduate,19,Yes,No,3,5.29,1,0
19,Male,82,5,96,1,66344,Yes,School,26,Yes,Yes,8,6.14,0,0
17,Male,64,7,72,0,63775,No,Graduate,9,No,Yes,2,5.7,4,1
24,Male,49,2,88,7,17349,No,Postgraduate,16,Yes,No,1,5.06,5,1
19,Female,60,3,79,2,81154,Yes,School,19,No,No,2,8.46,0,0
18,Female,85,4,58,6,37464,No,Postgraduate,18,Yes,Yes,1,5.51,4,1
17,Female,78,3,92,9,52624,Yes,Graduate,9,Yes,Yes,4,6.73,3,0
19,Female,66,5,40,7,47344,No,Postgraduate,16,No,Yes,4,6.32,2,0
18,Female,66,1,44,5,93791,No,Postgraduate,13,Yes,Yes,5,9.89,4,1
18,Male,41,3,66,9,34299,Yes,School,10,Yes,No,2,6.35,3,1
22,Female,80,4,55,8,57975,Yes,Postgraduate,25,Yes,Yes,2,4.48,1,0
17,Female,87,2,45,6,11462,No,School,20,Yes,No,1,4.54,3,1
18,Female,52,6,79,9,91441,No,Graduate,14,Yes,No,4,7.54,1,0
22,Female,48,1,52,4,91788,Yes,Postgraduate,12,Yes,Yes,1,7.6,4,1
19,Female,91,2,87,7,50581,No,Graduate,25,No,Yes,4,6.51,1,0
20,Male,75,3,74,1,81289,No,Graduate,19,No,Yes,1,6.59,3,0
17,Male,61,5,58,6,24175,No,Postgraduate,7,No,Yes,4,4.32,2,0
24,Male,81,7,51,3,16191,No,School,23,Yes,No,1,7.1,0,0
23,Female,65,5,55,8,93434,Yes,Graduate,15,Yes,No,7,7.03,0,0
23,Male,97,4,98,0,94518,Yes,Graduate,16,Yes,No,4,4.9,2,0
19,Male,93,5,82,6,90158,Yes,Postgraduate,27,No,Yes,6,4.62,5,1
19,Female,51,1,49,5,76537,Yes,Postgraduate,8,Yes,No,1,4.74,0,1
18,Female,56,5,64,7,57645,Yes,Postgraduate,10,No,Yes,2,4.61,4,1
17,Female,53,4,59,4,33283,Yes,Postgraduate,4,Yes,No,5,7.66,5,1
23,Male,53,6,70,0,96971,No,Postgraduate,19,Yes,Yes,6,5.18,4,1
23,Male,96,3,43,0,69123,Yes,Postgraduate,19,Yes,No,6,5.51,3,1
18,Female,73,7,83,8,40024,No,School,28,No,No,1,5.04,3,1
23,Female,92,3,62,9,59630,No,Graduate,21,Yes,Yes,5,9.75,5,0
24,Male,96,5,41,5,40734,No,School,27,No,No,2,9.13,5,0
17,Male,59,2,95,9,10515,Yes,School,15,Yes,No,6,5.38,5,1
25,Female,50,3,61,4,76727,No,Postgraduate,14,Yes,Yes,2,5.97,5,1
23,Female,55,6,90,0,56216,Yes,Graduate,1,No,Yes,4,5.26,1,1
19,Male,90,5,96,5,81833,No,School,16,Yes,Yes,8,6.95,5,0
